alternative_id,topsis_score,topsis_rank
Finance,0.6100118501574645,1.0
Manufacturing,0.5822991871529689,2.0
Utilities,0.5799296994427229,3.0
Energy,0.5476411982903728,4.0
Real Estate,0.44074219733991915,5.0
Consumer Goods,0.4269413343920753,6.0
Healthcare,0.4246971051896467,7.0
Retail,0.36220086156199655,8.0
Technology,0.29487538053996604,9.0
Telecom,0.24418052194500958,10.0
