MAE,RMSE,NRMSE (range),NRMSE (mean),MAPE (%),sMAPE (%),R²,MASE,MedAE,MSLE,RMSLE
6.331021195546411e+27,6.51158854303383e+29,1.0118287635198494e+23,1.1101285492939435e+26,5.075743523717271e+27,46.14234806186236,-5.434466997661647e+49,1.439580028668446e+24,24.232786846033875,,
