alternative_id,monte_carlo_score,monte_carlo_rank
Manufacturing,0.5708512377656292,1.0
Consumer Goods,0.5319902122684639,2.0
Utilities,0.5301568486706852,3.0
Finance,0.5235264876228661,4.0
Real Estate,0.4982598639574802,5.0
Energy,0.4668196508853444,6.0
Healthcare,0.414467489148636,7.0
Telecom,0.3194124266868221,8.0
Retail,0.30210279174924953,9.0
Technology,0.25848454057424486,10.0
